"s001"	"s002"	"s003"	"s004"	"s005"	"s006"	"s007"	"s008"	"s009"	"s010"	"s011"	"s012"	"s013"	"s014"	"s015"	"s016"	"s017"	"s018"	"s019"	"s020"	"s021"	"s022"	"s023"	"s024"	"s025"	"s026"	"s027"	"s028"	"s029"	"s030"	"s031"	"s032"	"s033"	"s034"	"s035"	"s036"	"s037"	"s038"	"s039"	"s040"	"s041"	"s042"	"s043"	"s044"	"s045"	"s046"	"s047"	"s048"	"s049"	"s050"	"s051"	"s052"	"s053"	"s054"	"s055"	"s056"	"s057"	"s058"	"s059"	"s060"	"s061"	"s062"	"s063"	"s064"	"s065"	"s066"	"s067"	"s068"	"s069"	"s070"	"s071"	"s072"	"s073"	"s074"	"s075"	"s076"	"s077"	"s078"	"s079"	"s080"	"s081"	"s082"	"s083"	"s084"	"s085"	"s086"	"s087"	"s088"	"s089"	"s090"	"s091"	"s092"	"s093"	"s094"	"s095"	"s096"	"s097"	"s098"	"s099"	"s100"	"s101"	"s102"	"s103"	"s104"	"s105"	"s106"	"s107"	"s108"	"s109"	"s110"	"s111"	"s112"	"s113"	"s114"	"s115"	"s116"	"s117"	"s118"	"s119"	"s120"	"s121"	"s122"	"s123"	"s124"	"s125"	"s126"	"s127"	"s128"	"s129"	"s130"	"s131"	"s132"	"s133"	"s140"
"TACGGAGGGTGCAAGCGTTAATCGGAATTACTGGGCGTAAAGCGCACGCAGGCGGTTTGTTAAGTCAGATGTGAAATCCCCGGGCTCAACCTGGGAACTGCATCTGATACTGGCAAGCTTGAGTCTCGTAGAGGGGGGTAGAATTCCAGGTGTAGCGGTGAAATGCGTAGAGATCTGGAGGAATACCGGTGGCGAAGGCGGCCCCCTGGACGAAGACTGACGCTCAGGTGCGAAAGCGTGGGGAGCAAACAGG"	18835	16283	218	28262	48	7245	25	127	9947	146	227	15642	191	1444	236	645	16	108	23434	148	139	40	0	4768	18711	47	0	130	426	3932	5184	46336	7571	506	138	2328	68	272	0	0	10991	185	120	30944	255	1707	56	4988	0	1102	8425	78	1655	0	4902	6663	476	29449	947	4168	0	1863	3727	29	80536	195	14647	186	0	18403	9203	11412	0	25	195	9654	71	79	0	986	365	1116	0	42	0	2609	0	24	85	49	64	12559	0	196	18971	344	47385	25933	16257	153	62	0	459	118	75	8723	0	515	28	5283	118	273	48	0	0	56	40	3595	43	80	91	370	0	38	13	438	298	31	0	104	414	67	0	138203
"TACGGAGGATCCGAGCGTTATCCGGATTTATTGGGTTTAAAGGGAGCGTAGATGGATGTTTAAGTCAGTTGTGAAAGTTTGCGGCTCAACCGTAAAATTGCAGTTGATACTGGATATCTTGAGTGCAGTTGAGGCAGGCGGAATTCGTGGTGTAGCGGTGAAATGCTTAGATATCACGAAGAACTCCGATTGCGAAGGCAGCCTGCTAAGCTGCAACTGACATTGAGGCTCGAAAGTGTGGGTATCAAACAGG"	0	1948	4998	618	9318	11028	1491	12362	5591	0	6986	1082	7718	8652	10440	35	13692	2470	5337	2502	8708	0	5926	22410	1807	3802	15844	10736	4855	1714	3065	0	0	1808	281	15708	2816	3847	7888	2537	631	7595	0	3618	3267	4943	8415	4406	0	9609	7267	7933	0	0	4868	2895	0	5206	9070	4364	0	0	14318	13157	3096	1853	6975	1475	5011	0	2080	8186	5583	13812	0	1219	5913	0	1801	8302	25562	0	0	18717	0	9506	0	5241	0	3421	0	2952	500	0	5467	6916	5372	0	0	7918	15687	0	0	2206	0	22239	7831	5004	14238	980	11133	5058	13220	12765	314	248	0	5429	2728	0	4118	12452	5723	4900	0	0	2142	3935	19597	0	7978	17752	13767	0
"TACGGAGGATCCGAGCGTTATCCGGATTTATTGGGTTTAAAGGGAGCGTAGATGGATGTTTAAGTCAGTTGTGAAAGTTTGCGGCTCAACCGTAAAATTGCAGTTGATACTGGATGTCTTGAGTGCAGTTGAGGCAGGCGGAATTCGTGGTGTAGCGGTGAAATGCTTAGATATCACGAAGAACTCCGATTGCGAAGGCAGCCTGCTAAGCTGCAACTGACATTGAGGCTCGAAAGTGTGGGTATCAAACAGG"	4275	0	0	2095	2530	0	1337	2476	730	853	0	0	1815	0	0	0	0	0	0	2723	0	32785	170	588	0	0	0	559	0	0	0	11824	0	8300	0	0	15701	236	0	0	0	1906	0	136	420	4015	0	1375	12705	0	0	12618	8018	10530	0	4859	0	0	0	2925	5670	9510	0	1660	1080	413	1154	16476	18625	1207	112	0	0	1533	7564	590	1940	28410	0	3888	0	26671	13824	3452	9300	0	0	0	2937	0	2471	0	1207	6252	0	0	2450	0	9808	0	0	11451	14733	3742	5056	1314	0	211	0	0	0	0	0	0	5324	0	25979	300	468	3910	494	0	5116	5211	4808	0	187	0	0	24200	0	2913	0	0
"TACGGAGGATCCGAGCGTTATCCGGATTTATTGGGTTTAAAGGGAGCGTAGGCGGACGCTTAAGTCAGTTGTGAAAGTTTGCGGCTCAACCGTAAAATTGCAGTTGATACTGGGTGTCTTGAGTACAGTAGAGGCAGGCGGAATTCGTGGTGTAGCGGTGAAATGCTTAGATATCACGAAGAACTCCGATTGCGAAGGCAGCTTGCTGGACTGTAACTGACGCTGATGCTCGAAAGTGTGGGTATCAAACAGG"	1638	340	1751	627	3116	4379	525	4803	248	0	3380	7043	3408	4505	342	9943	0	1967	281	597	4123	0	9465	406	1132	857	0	865	191	0	1342	0	3966	2281	344	1671	2832	0	186	209	236	2106	8549	1399	10200	4958	0	5658	2805	414	2103	6851	4384	1684	17486	1290	0	0	899	938	2102	1625	0	994	0	4690	445	3647	1180	0	419	230	854	1636	2380	0	6169	7202	1814	0	0	0	6250	0	0	0	234	256	1732	1809	1045	1792	231	0	1108	1153	473	0	4306	9698	190	10263	2359	1179	3550	1287	684	195	0	0	0	1480	3739	165	0	0	3317	205	650	2919	445	0	2759	5635	3836	0	271	737	0	2852	3424	20048	1169	0
"TACAGAGGTCTCAAGCGTTGTTCGGAATCACTGGGCGTAAAGCGTGCGTAGGCTGTTTCGTAAGTCGTGTGTGAAAGGCGCGGGCTCAACCCGCGGACGGCACATGATACTGCGAGACTAGAGTAATGGAGGGGGAACCGGAATTCTCGGTGTAGCAGTGAAATGCGTAGATATCGAGAGGAACACTCGTGGCGAAGGCGGGTTCCTGGACATTAACTGACGCTGAGGCACGAAGGCCAGGGGAGCGAAAGGG"	2996	6873	34	0	5926	0	0	186	189	27803	0	0	0	0	2456	0	1058	0	10103	57	0	79	0	0	6033	0	0	1533	5325	0	2072	0	820	3061	1006	0	0	0	0	0	5737	18166	0	877	0	0	0	4551	17	0	0	0	0	158	7585	16152	5567	0	0	0	0	0	3	0	204	0	7898	19	0	0	58	0	0	0	0	0	2590	0	10544	0	0	0	0	17	0	12	20701	0	0	9014	6490	6134	28	0	178	26621	1702	0	0	0	2200	4140	579	1792	0	0	383	2770	0	0	0	0	1565	26791	0	5982	0	0	0	1460	168	0	580	10	0	0	0	2771	2210	1267	2090	0	496	0
"AACGTAGGTCACAAGCGTTGTCCGGAATTACTGGGTGTAAAGGGAGCGCAGGCGGGAAGACAAGTTGGAAGTGAAATCTATGGGCTCAACCCATAAACTGCTTTCAAAACTGTTTTTCTTGAGTAGTGCAGAGGTAGGCGGAATTCCCGGTGTAGCGGTGGAATGCGTAGATATCGGGAGGAACACCAGTGGCGAAGGCGGCCTACTGGGCACCAACTGACGCTGAGGCTCGAAAGTGTGGGTAGCAAACAGG"	2852	2386	1240	0	1402	4540	1679	1079	1068	774	0	0	359	1296	1259	5923	3566	1899	281	2362	3074	4216	124	0	141	956	4654	432	1363	1994	320	0	814	682	5817	4460	8142	1339	735	1288	66	4133	2552	1333	805	8439	3976	0	5675	589	2170	7429	2444	8163	0	1720	0	2300	207	6654	474	5282	0	1490	157	2881	1556	4007	0	0	2001	772	2565	2026	2817	2211	1228	5748	2520	5485	58	0	2865	2925	1957	0	0	2404	1158	1300	230	2101	1944	10591	2820	2671	399	0	845	0	0	1565	3912	1240	8667	1892	0	902	290	4256	386	1236	372	0	0	381	785	470	384	4160	1465	1584	1029	280	299	9483	143	521	413	205	1670	2117	3961	0
"TACGTAGGGGGCAAGCGTTATCCGGATTTACTGGGTGTAAAGGGAGCGTAGACGGTGTGGCAAGTCTGATGTGAAAGGCATGGGCTCAACCTGTGGACTGCATTGGAAACTGTCATACTTGAGTGCCGGAGGGGTAAGCGGAATTCCTAGTGTAGCGGTGAAATGCGTAGATATTAGGAGGAACACCAGTGGCGAAGGCGGCTTACTGGACGGTAACTGACGTTGAGGCTCGAAAGCGTGGGGAGCAAACAGG"	408	1554	496	0	2253	1971	1525	395	1668	3800	2262	0	1567	3247	1700	4181	729	1565	248	861	970	1410	6594	0	289	316	2781	1554	1997	281	156	1856	889	1580	1051	827	1815	2404	2009	729	3092	1713	2421	223	6467	2369	1971	1262	911	222	1248	2053	1753	2264	1292	1409	4027	1241	478	839	1998	3207	3635	79	1495	1883	469	3938	1899	51	731	308	1489	3829	765	251	1271	1231	964	1301	457	1299	1165	987	224	0	2731	660	761	1934	5687	300	1250	4562	1800	146	3866	4644	1705	57	3525	2037	3505	3013	7794	3594	495	1935	2714	1346	1133	2060	4985	171	56	50	635	369	332	5596	2003	1187	134	4358	99	6850	63	145	373	617	4992	724	31	0
"TACGTAGGGGGCAAGCGTTATCCGGAATTACTGGGTGTAAAGGGTGCGTAGGTGGTATGGCAAGTCAGAAGTGAAAACCCAGGGCTTAACTCTGGGACTGCTTTTGAAACTGTCAGACTGGAGTGCAGGAGAGGTAAGCGGAATTCCTAGTGTAGCGGTGAAATGCGTAGATATTAGGAGGAACATCAGTGGCGAAGGCGGCTTACTGGACTGAAACTGACACTGAGGCACGAAAGCGTGGGGAGCAAACAGG"	431	1216	332	0	1706	2310	875	209	1037	3519	1325	0	640	9214	1262	1178	573	14723	359	158	1066	881	1027	0	279	7387	487	2871	1337	595	96	1029	3009	3360	947	334	1204	12185	270	497	968	537	1126	1224	7443	3904	5096	256	574	1053	688	817	4380	4156	0	113	2022	678	329	7232	0	4490	0	1452	238	1582	0	6773	3260	414	148	255	332	848	169	68	2003	1377	1121	836	1992	2141	1045	1528	0	0	1478	1849	852	998	2115	993	728	911	625	82	915	1563	630	254	2295	148	891	1271	4869	1944	107	344	3976	5589	2306	206	1612	2523	82	0	118	883	806	4250	980	602	97	625	1517	0	22	155	104	38	2674	294	25	0
"TACGTATGGTGCAAGCGTTATCCGGATTTACTGGGTGTAAAGGGAGCGCAGGCGGTGCGGCAAGTCTGATGTGAAAGCCCGGGGCTCAACCCCGGTACTGCATTGGAAACTGTCGTACTAGAGTGTCGGAGGGGTAAGCGGAATTCCTAGTGTAGCGGTGAAATGCGTAGATATTAGGAGGAACACCAGTGGCGAAGGCGGCTTACTGGACGATAACTGACGCTGAGGCTCGAAAGCGTGGGGAGCAAACAGG"	0	501	3055	121	1945	1897	117	2091	2324	696	6481	0	1349	1363	7214	1657	0	565	238	126	703	3815	207	0	0	0	638	821	0	627	0	0	1629	0	2023	0	2187	3707	2036	0	1444	1211	3405	1101	3603	1293	484	4441	1084	393	4740	8221	523	0	0	635	4801	515	499	138	1238	1808	0	710	2775	4439	807	1567	989	442	1210	443	2111	3823	387	537	2206	644	1120	1551	0	5182	2472	534	0	0	1409	1438	312	375	3466	1337	567	5936	2846	0	201	2089	794	1026	45	470	1276	1743	6646	1925	682	2039	0	1164	1541	1529	8664	586	329	431	444	0	714	4065	1406	494	0	544	319	0	166	544	353	238	8333	782	1224	0
"TACGGAGGATCCGAGCGTTATCCGGATTTATTGGGTTTAAAGGGAGCGTAGGCGGACGCTTAAGTCAGTTGTGAAAGTTTGCGGCTCAACCGTAAAATTGCAGTTGATACTGGGTGTCTTGAGTACAGTAGAGGCAGGCGGAATTCGTGGTGTAGCGGTGAAATGCTTAGATATCACGAAGAACTCCGATTGCGAAGGCAGCCTGCTGGACTGTAACTGACGCTGATGCTCGAAAGTGTGGGTATCAAACAGG"	1889	317	0	97	0	0	0	1935	1855	479	0	0	159	0	1710	0	3025	1075	2245	189	865	562	0	456	0	0	0	0	0	383	1514	0	0	0	0	1206	7675	2422	1347	1988	0	186	0	162	0	4728	0	1671	0	0	728	0	0	8913	0	0	0	932	2477	0	2088	5361	0	510	836	348	1341	0	1487	468	749	635	0	3911	878	247	0	0	0	7395	12029	0	2905	1982	327	0	782	0	1342	0	5911	4767	204	2405	0	0	0	1760	450	0	2138	8710	0	1537	0	1171	170	2262	11477	458	3975	0	0	0	0	116	0	2833	0	938	3196	5192	548	0	0	0	427	1857	10527	611	0	0	294	0
"TACGTAGGGAGCAAGCGTTGTCCGGATTTACTGGGTGTAAAGGGTGCGTAGGCGGCTTTGCAAGTCAGATGTGAAATCTATGGGCTCAACCCATAAACTGCATTTGAAACTGTAGAGCTTGAGTGAAGTAGAGGCAGGCGGAATTCCCCGTGTAGCGGTGAAATGCGTAGAGATGGGGAGGAACACCAGTGGCGAAGGCGGCCTGCTGGGCTTTAACTGACGCTGAGGCACGAAAGCGTGGGTAGCAAACAGG"	1751	1026	3332	247	2402	0	684	4667	2470	12190	0	0	3961	0	365	0	1018	2698	145	5180	0	0	0	0	0	0	0	0	1562	678	77	0	0	5862	0	2993	0	2307	933	0	2355	5625	0	37	5602	459	0	4049	568	1759	4315	62	2482	0	0	192	0	0	0	2035	506	0	1758	325	197	0	0	0	1160	775	0	0	0	2949	0	56	2224	930	0	0	2652	0	0	0	0	0	0	24	1733	0	4082	1312	956	2211	6874	708	1965	2048	3516	849	0	3628	1123	0	1453	2931	2512	4577	1938	2920	1284	1108	1713	4449	0	399	197	288	642	0	151	412	60	1256	0	0	139	533	0	140	0	867	1279	0
"AACGTAGGTCACAAGCGTTGTCCGGAATTACTGGGTGTAAAGGGAGCGCAGGCGGGAAGACAAGTTGGAAGTGAAATCCATGGGCTCAACCCATGAACTGCTTTCAAAACTGTTTTTCTTGAGTAGTGCAGAGGTAGGCGGAATTCCCGGTGTAGCGGTGGAATGCGTAGATATCGGGAGGAACACCAGTGGCGAAGGCGGCCTACTGGGCACCAACTGACGCTGAGGCTCGAAAGTGTGGGTAGCAAACAGG"	1203	850	5674	81	1808	2935	1992	1828	136	0	313	0	0	0	3154	0	0	1100	1004	1103	2386	6449	193	0	0	0	2773	4298	0	1188	1076	0	702	665	3195	2368	2603	6034	4990	177	0	0	643	232	241	2026	1109	929	1046	415	836	887	1670	2082	0	67	0	366	213	758	0	0	0	320	484	4291	670	2748	0	81	1491	0	1698	2228	1467	3339	0	2341	1037	0	0	994	3446	4451	0	0	2021	1022	2039	2324	113	146	1572	0	1447	0	378	120	3557	0	23	3794	2948	978	3250	0	2851	1898	2150	686	2364	2547	156	66	59	896	508	94	173	0	306	1535	196	233	0	0	189	307	759	0	3993	4446	384	0
"TACGGAGGATCCGAGCGTTATCCGGATTTATTGGGTTTAAAGGGAGCGTAGGCGGACTATTAAGTCAGCTGTGAAAGTTTGCGGCTCAACCGTAAAATTGCAGTTGATACTGGTCGTCTTGAGTGCAGTAGAGGTAGGCGGAATTCGTGGTGTAGCGGTGAAATGCTTAGATATCACGAAGAACTCCGATTGCGAAGGCAGCTTACTGGACTGTAACTGACGCTGATGCTCGAAAGTGTGGGTATCAAACAGG"	0	0	111	0	1536	509	417	0	2231	51	3421	2204	7054	884	0	6498	0	543	77	0	0	291	0	219	0	0	1284	0	0	0	96	1858	1365	1027	0	343	0	8040	79	950	0	775	4121	0	0	893	517	978	0	789	691	278	0	0	1348	0	11776	1506	1682	0	0	1776	0	184	0	0	0	3682	1408	0	98	208	0	995	940	50	2871	791	1038	0	0	2498	563	0	4453	439	2191	263	0	491	0	578	157	0	351	748	0	0	256	4835	15284	817	1290	413	0	0	0	33	0	0	0	0	680	0	0	0	1147	660	251	0	168	0	0	4299	10675	0	1207	0	4501	1813	1833	7947	0	0
"TACGGAGGATCCGAGCGTTATCCGGATTTATTGGGTTTAAAGGGAGCGTAGGTGGACAGTTAAGTCAGTTGTGAAAGTTTGCGGCTCAACCGTAAAATTGCAGTTGATACTGGCTGTCTTGAGTACAGTAGAGGTGGGCGGAATTCGTGGTGTAGCGGTGAAATGCTTAGATATCACGAAGAACTCCGATTGCGAAGGCAGCTCACTGGACTGCAACTGACACTGATGCTCGAAAGTGTGGGTATCAAACAGG"	537	0	141	374	1636	0	324	786	723	334	1427	631	1246	1713	294	1652	6421	286	1293	421	359	0	0	4745	197	0	1027	3267	669	319	82	1068	0	578	183	1776	1743	1366	0	735	67	0	2793	105	0	0	921	0	777	952	756	3628	1597	2031	4915	1015	0	2556	266	1068	500	1360	3845	97	112	226	564	5733	0	241	175	2361	747	342	815	106	618	2828	253	0	1344	0	1356	1027	1438	21419	333	715	97	231	174	0	187	2611	254	415	746	920	857	1384	1474	21	1596	1690	1296	0	104	154	0	152	1894	0	0	1566	371	0	2367	1859	1123	0	141	1688	551	1018	1231	0	106	233	1028	0	1072	1713	0	0
"TACGGAGGATGCGAGCGTTATCCGGATTTATTGGGTTTAAAGGGTGCGTAGGTGGTGATTTAAGTCAGCGGTGAAAGTTTGTGGCTCAACCATAAAATTGCCGTTGAAACTGGGTTACTTGAGTGTGTTTGAGGTAGGCGGAATGCGTGGTGTAGCGGTGAAATGCATAGATATCACGCAGAACTCCGATTGCGAAGGCAGCTTACTAAACCATAACTGACACTGAAGCACGAAAGCGTGGGGATCAAACAGG"	1091	1423	836	473	136	2213	0	1188	1792	0	835	668	1793	5300	582	0	0	1961	1189	105	0	0	0	3805	316	0	1909	0	2611	1088	850	0	769	0	0	542	0	1205	287	0	0	1374	7049	434	811	1305	901	1402	3273	0	1171	470	3383	3394	0	0	0	469	4323	0	0	0	2795	773	0	316	1963	2876	1911	0	444	0	1273	1733	0	514	3330	3878	821	3410	0	0	3787	1297	1235	2598	328	418	141	1525	0	0	440	0	562	670	494	107	1254	0	623	0	0	987	1109	0	1347	2261	0	1244	1570	0	42	42	0	0	807	269	2865	1604	1370	4570	7877	0	0	0	323	554	0	387	882	2940	2501	0
"TACGGAAGGTCCGGGCGTTATCCGGATTTATTGGGTTTAAAGGGAGCGTAGGCCGGAGATTAAGCGTGTTGTGAAATGTAGACGCTCAACGTCTGCACTGCAGCGCGAACTGGTTTCCTTGAGTACGCACAAAGTGGGCGGAATTCGTGGTGTAGCGGTGAAATGCTTAGATATCACGAAGAACTCCGATTGCGAAGGCAGCTCACTGGAGCGCAACTGACGCTGAAGCTCGAAAGTGCGGGTATCGAACAGG"	0	1719	0	0	0	0	9978	0	0	0	0	0	0	0	0	0	0	0	0	90	0	0	0	0	0	0	2388	0	7196	16965	0	0	0	0	16599	0	0	0	175	0	0	0	0	0	0	0	1970	0	0	0	0	0	0	0	0	0	0	0	0	0	0	0	0	0	0	0	528	0	0	0	13875	0	7665	0	0	41626	48	72	0	0	0	0	0	0	0	0	0	0	314	0	0	0	0	0	0	0	0	0	0	0	80	0	0	0	0	21	380	0	0	5623	0	0	0	21	0	561	0	0	0	0	0	0	7948	0	0	0	0	0	0	0	0	0	0	0
"TACGGAAGGTCCGGGCGTTATCCGGATTTATTGGGTTTAAAGGGAGCGTAGGCCGGAGATTAAGCGTGTTGTGAAATGTAGATGCTCAACATCTGAACTGCAGCGCGAACTGGTTTCCTTGAGTACGCACAAAGTGGGCGGAATTCGTGGTGTAGCGGTGAAATGCTTAGATATCACGAAGAACTCCGATTGCGAAGGCAGCTCACTGGAGCGCAACTGACGCTGAAGCTCGAAAGTGCGGGTATCGAACAGG"	0	1677	0	0	0	5	32209	0	0	0	0	0	0	0	0	0	0	0	0	0	0	0	0	0	0	0	4132	0	1823	19677	105	0	0	0	0	0	0	0	108	22816	0	0	0	0	0	0	6235	0	0	0	0	0	0	0	0	0	0	0	0	0	0	0	0	0	0	0	240	0	0	0	8751	0	754	0	0	12145	0	0	0	0	0	0	0	0	0	0	0	0	352	0	0	0	0	0	0	0	0	0	0	0	0	0	0	0	0	0	5945	0	0	3792	0	0	30	0	0	0	0	0	2029	0	0	65	11580	0	0	0	0	0	0	0	0	0	0	0
"AACGTAGGTCACAAGCGTTGTCCGGAATTACTGGGTGTAAAGGGAGCGCAGGCGGGAGAACAAGTTGGAAGTGAAATCCATGGGCTCAACCCATGAACTGCTTTCAAAACTGTTTTTCTTGAGTAGTGCAGAGGTAGGCGGAATTCCCGGTGTAGCGGTGGAATGCGTAGATATCGGGAGGAACACCAGTGGCGAAGGCGGCCTACTGGGCACCAACTGACGCTGAGGCTCGAAAGTGTGGGTAGCAAACAGG"	332	34	3143	46	145	79	863	1132	1236	0	0	0	1925	1972	523	0	0	3203	420	2611	750	519	0	0	0	0	1936	592	91	0	222	0	1130	4791	365	6296	920	3021	511	677	0	0	2040	423	72	253	1722	0	179	506	578	13575	745	2013	193	486	3609	597	3566	1562	762	0	0	1959	0	511	617	323	0	124	205	150	519	2895	77	1871	1315	133	1056	0	58	0	449	3518	0	0	137	1269	226	283	0	0	546	0	1008	0	0	667	1435	3256	53	4204	1922	2463	1256	0	905	131	4190	1303	721	384	46	0	148	53	383	0	144	1571	1038	1013	38	169	0	0	101	431	162	1475	3175	0	633	0
"AACGTAGGGTGCAAGCGTTGTCCGGAATTACTGGGTGTAAAGGGAGCGCAGGCGGGAAGACAAGTTGGAAGTGAAAACCATGGGCTCAACCCATGAATTGCTTTCAAAACTGTTTTTCTTGAGTAGTGCAGAGGTAGATGGAATTCCCGGTGTAGCGGTGGAATGCGTAGATATCGGGAGGAACACCAGTGGCGAAGGCGGTCTACTGGGCACCAACTGACGCTGAGGCTCGAAAGCATGGGTAGCAAACAGG"	598	1707	2768	27	829	508	160	865	301	1360	759	9692	2219	1158	0	0	67	0	393	2443	2853	671	0	0	0	416	744	73	0	650	787	0	1835	3596	676	1289	646	824	1177	0	0	0	0	1706	0	3946	0	210	943	29	9521	33	2167	665	0	1407	0	1012	70	3237	0	0	0	1518	44	1429	581	1236	631	70	178	21	464	1515	2808	34	503	1314	2418	0	0	0	313	470	0	0	3132	629	111	203	185	706	469	0	715	6571	81	335	1115	436	2982	112	122	113	2582	0	523	705	2661	633	3029	384	781	36	853	66	115	516	636	320	289	276	52	927	411	0	437	426	1666	0	430	1124	0	0
"TACGGAGGATCCGAGCGTTATCCGGATTTATTGGGTTTAAAGGGAGCGTAGGCGGGTTGTTAAGTCAGTTGTGAAAGTTTGCGGCTCAACCGTAAAATTGCAGTTGATACTGGCGACCTTGAGTGCAACAGAGGTAGGCGGAATTCGTGGTGTAGCGGTGAAATGCTTAGATATCACGAAGAACTCCGATTGCGAAGGCAGCTTACTGGATTGTAACTGACGCTGATGCTCGAAAGTGTGGGTATCAAACAGG"	0	66	0	0	1795	0	436	0	0	0	1107	0	0	2692	0	0	0	0	546	0	0	0	0	21255	1605	0	487	0	768	788	102	0	0	798	63	0	0	0	438	0	45	0	0	0	0	0	431	1531	1041	0	0	0	0	2645	0	0	0	936	4787	1064	497	0	0	125	0	0	1458	3796	0	0	229	2838	156	0	0	296	0	0	1122	1233	0	0	9573	0	6071	13326	0	419	0	1842	0	0	0	0	0	0	3412	0	0	119	33	0	0	0	0	0	0	117	4567	302	0	289	0	0	0	0	0	2682	0	0	1921	8812	0	0	0	0	1947	344	0	0	3183	0	0	0
